<?xml version="1.0" encoding="ISO-8859-1" ?>

<ASLparametersNb_v0.1>

    <NeuroServVersion>
        <buildTime>Dec 21 2012 15:59:12</buildTime>
        <bundlePath>/Application/NeuroServ.app</bundlePath>
        <bundleVersion>2.051</bundleVersion>
        <gccVersion>4.2.1 Compatible Apple Clang 4.1 ((tags/Apple/clang-421.11.66))</gccVersion>
    </NeuroServVersion>

    <plugin>
        <name>ROI Averaging</name>
        <parameter>
            <name>-lowerThreshold</name>
            <value>0.5</value>
        </parameter>
        <parameter>
            <name>-upperThreshold</name>
            <value>1.5</value>
        </parameter>
        <parameter>
            <name>-maskOperation</name>
            <value>Weighted Average</value>
        </parameter>
        <parameter>
            <name>+roiSignalAsText</name>
            <value>1</value>
        </parameter>
    </plugin>

</ASLparametersNb_v0.1>
